date,value
2005/1/1,308
2005/1/2,628
2005/1/3,590
2005/1/4,464
2005/1/5,486
2005/1/6,655
2005/1/7,628
2005/1/8,445
2005/1/9,518
2005/1/10,542
2005/1/11,658
2005/1/12,673
2005/1/13,657
2005/1/14,715
2005/1/15,461
2005/1/16,412
2005/1/17,625
2005/1/18,681
2005/1/19,657
2005/1/20,564
2005/1/21,595
2005/1/22,533
2005/1/23,490
2005/1/24,576
2005/1/25,592
2005/1/26,587
2005/1/27,607
2005/1/28,650
2005/1/29,528
2005/1/30,398
2005/1/31,569
2005/2/1,306
2005/2/2,554
2005/2/3,557
2005/2/4,492
2005/2/5,482
2005/2/6,482
2005/2/7,466
2005/2/8,540
2005/2/9,654
2005/2/10,423
2005/2/11,719
2005/2/12,739
2005/2/13,386
2005/2/14,437
2005/2/15,621
2005/2/16,447
2005/2/17,529
2005/2/18,638
2005/2/19,449
2005/2/20,366
2005/2/21,520
2005/2/22,521
2005/2/23,541
2005/2/24,511
2005/2/25,598
2005/2/26,500
2005/2/27,369
2005/2/28,540
2005/3/1,293
2005/3/2,546
2005/3/3,487
2005/3/4,380
2005/3/5,570
2005/3/6,576
2005/3/7,442
2005/3/8,534
2005/3/9,494
2005/3/10,453
2005/3/11,674
2005/3/12,541
2005/3/13,351
2005/3/14,471
2005/3/15,504
2005/3/16,560
2005/3/17,570
2005/3/18,585
2005/3/19,494
2005/3/20,377
2005/3/21,440
2005/3/22,534
2005/3/23,529
2005/3/24,584
2005/3/25,445
2005/3/26,434
2005/3/27,334
2005/3/28,391
2005/3/29,452
2005/3/30,478
2005/3/31,404
2005/4/1,473
2005/4/2,547
2005/4/3,609
2005/4/4,447
2005/4/5,505
2005/4/6,462
2005/4/7,628
2005/4/8,492
2005/4/9,449
2005/4/10,549
2005/4/11,741
2005/4/12,412
2005/4/13,564
2005/4/14,570
2005/4/15,624
2005/4/16,490
2005/4/17,424
2005/4/18,597
2005/4/19,532
2005/4/20,513
2005/4/21,541
2005/4/22,607
2005/4/23,496
2005/4/24,442
2005/4/25,520
2005/4/26,577
2005/4/27,665
2005/4/28,505
2005/4/29,716
2005/4/30,575
2005/5/1,523
2005/5/2,448
2005/5/3,488
2005/5/4,493
2005/5/5,530
2005/5/6,401
2005/5/7,693
2005/5/8,660
2005/5/9,450
2005/5/10,531
2005/5/11,612
2005/5/12,607
2005/5/13,625
2005/5/14,585
2005/5/15,508
2005/5/16,589
2005/5/17,512
2005/5/18,520
2005/5/19,608
2005/5/20,688
2005/5/21,613
2005/5/22,438
2005/5/23,611
2005/5/24,581
2005/5/25,559
2005/5/26,586
2005/5/27,671
2005/5/28,518
2005/5/29,416
2005/5/30,439
2005/5/31,519
2005/6/1,553
2005/6/2,360
2005/6/3,404
2005/6/4,539
2005/6/5,651
2005/6/6,489
2005/6/7,540
2005/6/8,454
2005/6/9,502
2005/6/10,543
2005/6/11,427
2005/6/12,682
2005/6/13,532
2005/6/14,527
2005/6/15,679
2005/6/16,529
2005/6/17,621
2005/6/18,576
2005/6/19,483
2005/6/20,562
2005/6/21,589
2005/6/22,663
2005/6/23,650
2005/6/24,735
2005/6/25,483
2005/6/26,458
2005/6/27,630
2005/6/28,580
2005/6/29,555
2005/6/30,605
2005/7/1,510
2005/7/2,561
2005/7/3,433
2005/7/4,544
2005/7/5,551
2005/7/6,616
2005/7/7,527
2005/7/8,458
2005/7/9,575
2005/7/10,548
2005/7/11,658
2005/7/12,775
2005/7/13,557
2005/7/14,591
2005/7/15,620
2005/7/16,582
2005/7/17,488
2005/7/18,535
2005/7/19,535
2005/7/20,544
2005/7/21,474
2005/7/22,574
2005/7/23,427
2005/7/24,531
2005/7/25,503
2005/7/26,471
2005/7/27,597
2005/7/28,657
2005/7/29,584
2005/7/30,527
2005/7/31,438
2005/8/1,439
2005/8/2,584
2005/8/3,466
2005/8/4,525
2005/8/5,440
2005/8/6,615
2005/8/7,570
2005/8/8,543
2005/8/9,618
2005/8/10,634
2005/8/11,659
2005/8/12,637
2005/8/13,639
2005/8/14,406
2005/8/15,432
2005/8/16,496
2005/8/17,601
2005/8/18,525
2005/8/19,642
2005/8/20,472
2005/8/21,452
2005/8/22,642
2005/8/23,537
2005/8/24,631
2005/8/25,618
2005/8/26,564
2005/8/27,447
2005/8/28,423
2005/8/29,477
2005/8/30,576
2005/8/31,557
2005/9/1,357
2005/9/2,561
2005/9/3,492
2005/9/4,461
2005/9/5,517
2005/9/6,521
2005/9/7,506
2005/9/8,522
2005/9/9,602
2005/9/10,439
2005/9/11,680
2005/9/12,748
2005/9/13,548
2005/9/14,511
2005/9/15,743
2005/9/16,692
2005/9/17,553
2005/9/18,348
2005/9/19,496
2005/9/20,554
2005/9/21,520
2005/9/22,540
2005/9/23,702
2005/9/24,537
2005/9/25,479
2005/9/26,513
2005/9/27,590
2005/9/28,656
2005/9/29,612
2005/9/30,749
2005/10/1,523
2005/10/2,561
2005/10/3,492
2005/10/4,406
2005/10/5,532
2005/10/6,648
2005/10/7,484
2005/10/8,507
2005/10/9,599
2005/10/10,555
2005/10/11,646
2005/10/12,571
2005/10/13,600
2005/10/14,526
2005/10/15,531
2005/10/16,479
2005/10/17,510
2005/10/18,509
2005/10/19,721
2005/10/20,661
2005/10/21,822
2005/10/22,526
2005/10/23,383
2005/10/24,653
2005/10/25,571
2005/10/26,570
2005/10/27,675
2005/10/28,649
2005/10/29,502
2005/10/30,469
2005/10/31,572
2005/11/1,549
2005/11/2,696
2005/11/3,565
2005/11/4,483
2005/11/5,592
2005/11/6,498
2005/11/7,589
2005/11/8,509
2005/11/9,364
2005/11/10,641
2005/11/11,701
2005/11/12,499
2005/11/13,436
2005/11/14,614
2005/11/15,617
2005/11/16,652
2005/11/17,688
2005/11/18,787
2005/11/19,589
2005/11/20,484
2005/11/21,673
2005/11/22,590
2005/11/23,675
2005/11/24,645
2005/11/25,673
2005/11/26,533
2005/11/27,440
2005/11/28,647
2005/11/29,641
2005/11/30,640
2005/12/1,547
2005/12/2,502
2005/12/3,457
2005/12/4,469
2005/12/5,590
2005/12/6,454
2005/12/7,581
2005/12/8,607
2005/12/9,552
2005/12/10,746
2005/12/11,548
2005/12/12,732
2005/12/13,638
2005/12/14,692
2005/12/15,720
2005/12/16,682
2005/12/17,493
2005/12/18,412
2005/12/19,744
2005/12/20,619
2005/12/21,624
2005/12/22,534
2005/12/23,597
2005/12/24,434
2005/12/25,199
2005/12/26,312
2005/12/27,408
2005/12/28,361
2005/12/29,292
2005/12/30,373
2005/12/31,345
2006/1/1,282
2006/1/2,516
2006/1/3,580
2006/1/4,517
2006/1/5,439
2006/1/6,503
2006/1/7,572
2006/1/8,544
2006/1/9,594
2006/1/10,461
2006/1/11,621
2006/1/12,750
2006/1/13,587
2006/1/14,526
2006/1/15,324
2006/1/16,518
2006/1/17,529
2006/1/18,561
2006/1/19,488
2006/1/20,587
2006/1/21,497
2006/1/22,334
2006/1/23,409
2006/1/24,508
2006/1/25,547
2006/1/26,510
2006/1/27,650
2006/1/28,548
2006/1/29,442
2006/1/30,520
2006/1/31,564
2006/2/1,264
2006/2/2,521
2006/2/3,585
2006/2/4,371
2006/2/5,462
2006/2/6,552
2006/2/7,462
2006/2/8,575
2006/2/9,547
2006/2/10,581
2006/2/11,644
2006/2/12,511
2006/2/13,492
2006/2/14,600
2006/2/15,453
2006/2/16,511
2006/2/17,554
2006/2/18,425
2006/2/19,377
2006/2/20,486
2006/2/21,501
2006/2/22,484
2006/2/23,559
2006/2/24,549
2006/2/25,441
2006/2/26,326
2006/2/27,420
2006/2/28,567
2006/3/1,400
2006/3/2,653
2006/3/3,661
2006/3/4,535
2006/3/5,539
2006/3/6,545
2006/3/7,554
2006/3/8,493
2006/3/9,433
2006/3/10,568
2006/3/11,691
2006/3/12,424
2006/3/13,381
2006/3/14,457
2006/3/15,429
2006/3/16,444
2006/3/17,463
2006/3/18,385
2006/3/19,334
2006/3/20,362
2006/3/21,397
2006/3/22,485
2006/3/23,486
2006/3/24,677
2006/3/25,557
2006/3/26,408
2006/3/27,502
2006/3/28,509
2006/3/29,493
2006/3/30,455
2006/3/31,601
2006/4/1,422
2006/4/2,548
2006/4/3,496
2006/4/4,441
2006/4/5,497
2006/4/6,440
2006/4/7,584
2006/4/8,508
2006/4/9,484
2006/4/10,550
2006/4/11,499
2006/4/12,644
2006/4/13,525
2006/4/14,452
2006/4/15,373
2006/4/16,333
2006/4/17,358
2006/4/18,439
2006/4/19,474
2006/4/20,457
2006/4/21,504
2006/4/22,401
2006/4/23,394
2006/4/24,428
2006/4/25,482
2006/4/26,497
2006/4/27,438
2006/4/28,609
2006/4/29,500
2006/4/30,365
2006/5/1,420
2006/5/2,428
2006/5/3,344
2006/5/4,547
2006/5/5,653
2006/5/6,487
2006/5/7,541
2006/5/8,475
2006/5/9,499
2006/5/10,700
2006/5/11,416
2006/5/12,601
2006/5/13,506
2006/5/14,365
2006/5/15,600
2006/5/16,544
2006/5/17,561
2006/5/18,503
2006/5/19,592
2006/5/20,488
2006/5/21,487
2006/5/22,592
2006/5/23,505
2006/5/24,532
2006/5/25,515
2006/5/26,653
2006/5/27,475
2006/5/28,397
2006/5/29,359
2006/5/30,514
2006/5/31,505
2006/6/1,496
2006/6/2,540
2006/6/3,555
2006/6/4,495
2006/6/5,493
2006/6/6,538
2006/6/7,549
2006/6/8,407
2006/6/9,506
2006/6/10,744
2006/6/11,548
2006/6/12,623
2006/6/13,535
2006/6/14,493
2006/6/15,572
2006/6/16,613
2006/6/17,486
2006/6/18,470
2006/6/19,476
2006/6/20,565
2006/6/21,510
2006/6/22,476
2006/6/23,559
2006/6/24,514
2006/6/25,417
2006/6/26,590
2006/6/27,449
2006/6/28,557
2006/6/29,548
2006/6/30,625
2006/7/1,372
2006/7/2,547
2006/7/3,568
2006/7/4,520
2006/7/5,471
2006/7/6,598
2006/7/7,540
2006/7/8,481
2006/7/9,624
2006/7/10,542
2006/7/11,528
2006/7/12,695
2006/7/13,553
2006/7/14,685
2006/7/15,527
2006/7/16,464
2006/7/17,592
2006/7/18,602
2006/7/19,612
2006/7/20,513
2006/7/21,616
2006/7/22,513
2006/7/23,417
2006/7/24,536
2006/7/25,529
2006/7/26,508
2006/7/27,510
2006/7/28,580
2006/7/29,497
2006/7/30,430
2006/7/31,593
2006/8/1,345
2006/8/2,582
2006/8/3,546
2006/8/4,503
2006/8/5,577
2006/8/6,598
2006/8/7,470
2006/8/8,539
2006/8/9,726
2006/8/10,417
2006/8/11,631
2006/8/12,662
2006/8/13,445
2006/8/14,488
2006/8/15,440
2006/8/16,494
2006/8/17,567
2006/8/18,638
2006/8/19,542
2006/8/20,395
2006/8/21,457
2006/8/22,423
2006/8/23,537
2006/8/24,506
2006/8/25,567
2006/8/26,455
2006/8/27,414
2006/8/28,416
2006/8/29,547
2006/8/30,510
2006/8/31,457
2006/9/1,481
2006/9/2,537
2006/9/3,479
2006/9/4,415
2006/9/5,480
2006/9/6,652
2006/9/7,415
2006/9/8,509
2006/9/9,567
2006/9/10,564
2006/9/11,622
2006/9/12,637
2006/9/13,515
2006/9/14,673
2006/9/15,645
2006/9/16,444
2006/9/17,453
2006/9/18,528
2006/9/19,609
2006/9/20,567
2006/9/21,622
2006/9/22,780
2006/9/23,538
2006/9/24,433
2006/9/25,556
2006/9/26,567
2006/9/27,487
2006/9/28,527
2006/9/29,784
2006/9/30,591
2006/10/1,488
2006/10/2,601
2006/10/3,525
2006/10/4,502
2006/10/5,558
2006/10/6,624
2006/10/7,558
2006/10/8,493
2006/10/9,479
2006/10/10,554
2006/10/11,722
2006/10/12,424
2006/10/13,641
2006/10/14,507
2006/10/15,356
2006/10/16,461
2006/10/17,525
2006/10/18,571
2006/10/19,660
2006/10/20,712
2006/10/21,556
2006/10/22,438
2006/10/23,486
2006/10/24,582
2006/10/25,549
2006/10/26,542
2006/10/27,610
2006/10/28,455
2006/10/29,463
2006/10/30,502
2006/10/31,583
2006/11/1,608
2006/11/2,423
2006/11/3,384
2006/11/4,501
2006/11/5,628
2006/11/6,461
2006/11/7,587
2006/11/8,495
2006/11/9,520
2006/11/10,686
2006/11/11,507
2006/11/12,617
2006/11/13,577
2006/11/14,608
2006/11/15,609
2006/11/16,578
2006/11/17,733
2006/11/18,584
2006/11/19,423
2006/11/20,610
2006/11/21,639
2006/11/22,648
2006/11/23,681
2006/11/24,662
2006/11/25,513
2006/11/26,412
2006/11/27,553
2006/11/28,618
2006/11/29,627
2006/11/30,517
2006/12/1,612
2006/12/2,426
2006/12/3,307
2006/12/4,428
2006/12/5,613
2006/12/6,582
2006/12/7,562
2006/12/8,476
2006/12/9,487
2006/12/10,558
2006/12/11,376
2006/12/12,658
2006/12/13,585
2006/12/14,507
2006/12/15,711
2006/12/16,639
2006/12/17,502
2006/12/18,608
2006/12/19,580
2006/12/20,608
2006/12/21,627
2006/12/22,648
2006/12/23,442
2006/12/24,368
2006/12/25,175
2006/12/26,251
2006/12/27,372
2006/12/28,370
2006/12/29,349
2006/12/30,347
2006/12/31,253
2007/1/1,335
2007/1/2,676
2007/1/3,514
2007/1/4,386
2007/1/5,576
2007/1/6,520
2007/1/7,458
2007/1/8,486
2007/1/9,447
2007/1/10,573
2007/1/11,532
2007/1/12,507
2007/1/13,405
2007/1/14,364
2007/1/15,485
2007/1/16,578
2007/1/17,529
2007/1/18,638
2007/1/19,594
2007/1/20,465
2007/1/21,364
2007/1/22,587
2007/1/23,551
2007/1/24,609
2007/1/25,616
2007/1/26,639
2007/1/27,514
2007/1/28,344
2007/1/29,561
2007/1/30,497
2007/1/31,697
2007/2/1,370
2007/2/2,652
2007/2/3,615
2007/2/4,455
2007/2/5,629
2007/2/6,501
2007/2/7,547
2007/2/8,498
2007/2/9,393
2007/2/10,460
2007/2/11,626
2007/2/12,366
2007/2/13,452
2007/2/14,473
2007/2/15,415
2007/2/16,482
2007/2/17,387
2007/2/18,314
2007/2/19,438
2007/2/20,395
2007/2/21,431
2007/2/22,548
2007/2/23,564
2007/2/24,424
2007/2/25,317
2007/2/26,449
2007/2/27,485
2007/2/28,506
2007/3/1,397
2007/3/2,540
2007/3/3,533
2007/3/4,390
2007/3/5,525
2007/3/6,416
2007/3/7,518
2007/3/8,534
2007/3/9,504
2007/3/10,478
2007/3/11,495
2007/3/12,645
2007/3/13,467
2007/3/14,478
2007/3/15,488
2007/3/16,545
2007/3/17,484
2007/3/18,468
2007/3/19,491
2007/3/20,453
2007/3/21,530
2007/3/22,510
2007/3/23,527
2007/3/24,442
2007/3/25,314
2007/3/26,502
2007/3/27,521
2007/3/28,457
2007/3/29,503
2007/3/30,509
2007/3/31,457
2007/4/1,405
2007/4/2,405
2007/4/3,359
2007/4/4,507
2007/4/5,534
2007/4/6,450
2007/4/7,484
2007/4/8,494
2007/4/9,560
2007/4/10,598
2007/4/11,373
2007/4/12,526
2007/4/13,424
2007/4/14,467
2007/4/15,434
2007/4/16,466
2007/4/17,498
2007/4/18,574
2007/4/19,598
2007/4/20,538
2007/4/21,479
2007/4/22,379
2007/4/23,584
2007/4/24,565
2007/4/25,499
2007/4/26,506
2007/4/27,526
2007/4/28,469
2007/4/29,373
2007/4/30,568
2007/5/1,445
2007/5/2,551
2007/5/3,501
2007/5/4,573
2007/5/5,488
2007/5/6,507
2007/5/7,563
2007/5/8,475
2007/5/9,480
2007/5/10,657
2007/5/11,539
2007/5/12,609
2007/5/13,409
2007/5/14,493
2007/5/15,552
2007/5/16,540
2007/5/17,514
2007/5/18,538
2007/5/19,448
2007/5/20,422
2007/5/21,483
2007/5/22,570
2007/5/23,504
2007/5/24,506
2007/5/25,592
2007/5/26,513
2007/5/27,521
2007/5/28,442
2007/5/29,529
2007/5/30,492
2007/5/31,500
2007/6/1,378
2007/6/2,568
2007/6/3,542
2007/6/4,474
2007/6/5,395
2007/6/6,533
2007/6/7,566
2007/6/8,512
2007/6/9,519
2007/6/10,410
2007/6/11,612
2007/6/12,678
2007/6/13,615
2007/6/14,568
2007/6/15,649
2007/6/16,510
2007/6/17,405
2007/6/18,515
2007/6/19,513
2007/6/20,545
2007/6/21,515
2007/6/22,630
2007/6/23,508
2007/6/24,452
2007/6/25,552
2007/6/26,490
2007/6/27,522
2007/6/28,514
2007/6/29,587
2007/6/30,598
2007/7/1,355
2007/7/2,581
2007/7/3,524
2007/7/4,451
2007/7/5,397
2007/7/6,452
2007/7/7,525
2007/7/8,479
2007/7/9,601
2007/7/10,332
2007/7/11,481
2007/7/12,599
2007/7/13,692
2007/7/14,523
2007/7/15,396
2007/7/16,492
2007/7/17,530
2007/7/18,561
2007/7/19,522
2007/7/20,632
2007/7/21,525
2007/7/22,368
2007/7/23,496
2007/7/24,522
2007/7/25,500
2007/7/26,558
2007/7/27,494
2007/7/28,483
2007/7/29,458
2007/7/30,464
2007/7/31,566
2007/8/1,519
2007/8/2,408
2007/8/3,501
2007/8/4,364
2007/8/5,483
2007/8/6,567
2007/8/7,400
2007/8/8,523
2007/8/9,447
2007/8/10,444
2007/8/11,524
2007/8/12,483
2007/8/13,468
2007/8/14,688
2007/8/15,506
2007/8/16,469
2007/8/17,477
2007/8/18,560
2007/8/19,442
2007/8/20,398
2007/8/21,389
2007/8/22,476
2007/8/23,509
2007/8/24,545
2007/8/25,482
2007/8/26,431
2007/8/27,394
2007/8/28,457
2007/8/29,462
2007/8/30,422
2007/8/31,474
2007/9/1,450
2007/9/2,517
2007/9/3,550
2007/9/4,325
2007/9/5,588
2007/9/6,483
2007/9/7,537
2007/9/8,473
2007/9/9,394
2007/9/10,634
2007/9/11,628
2007/9/12,356
2007/9/13,488
2007/9/14,558
2007/9/15,484
2007/9/16,425
2007/9/17,493
2007/9/18,584
2007/9/19,540
2007/9/20,574
2007/9/21,558
2007/9/22,433
2007/9/23,431
2007/9/24,615
2007/9/25,622
2007/9/26,505
2007/9/27,496
2007/9/28,679
2007/9/29,492
2007/9/30,345
2007/10/1,582
2007/10/2,419
2007/10/3,425
2007/10/4,386
2007/10/5,558
2007/10/6,457
2007/10/7,462
2007/10/8,559
2007/10/9,531
2007/10/10,554
2007/10/11,498
2007/10/12,619
2007/10/13,403
2007/10/14,362
2007/10/15,464
2007/10/16,615
2007/10/17,609
2007/10/18,541
2007/10/19,528
2007/10/20,460
2007/10/21,383
2007/10/22,393
2007/10/23,518
2007/10/24,390
2007/10/25,430
2007/10/26,521
2007/10/27,502
2007/10/28,491
2007/10/29,610
2007/10/30,529
2007/10/31,550
2007/11/1,564
2007/11/2,337
2007/11/3,372
2007/11/4,456
2007/11/5,573
2007/11/6,462
2007/11/7,494
2007/11/8,509
2007/11/9,549
2007/11/10,515
2007/11/11,417
2007/11/12,653
2007/11/13,650
2007/11/14,573
2007/11/15,648
2007/11/16,631
2007/11/17,515
2007/11/18,404
2007/11/19,664
2007/11/20,629
2007/11/21,604
2007/11/22,572
2007/11/23,626
2007/11/24,482
2007/11/25,364
2007/11/26,501
2007/11/27,548
2007/11/28,592
2007/11/29,611
2007/11/30,704
2007/12/1,518
2007/12/2,519
2007/12/3,467
2007/12/4,411
2007/12/5,519
2007/12/6,492
2007/12/7,526
2007/12/8,453
2007/12/9,524
2007/12/10,574
2007/12/11,516
2007/12/12,655
2007/12/13,643
2007/12/14,564
2007/12/15,438
2007/12/16,345
2007/12/17,574
2007/12/18,590
2007/12/19,610
2007/12/20,582
2007/12/21,598
2007/12/22,466
2007/12/23,406
2007/12/24,412
2007/12/25,157
2007/12/26,256
2007/12/27,286
2007/12/28,328
2007/12/29,316
2007/12/30,192
2007/12/31,249
2008/1/1,257
2008/1/2,532
2008/1/3,522
2008/1/4,485
2008/1/5,480
2008/1/6,346
2008/1/7,561
2008/1/8,505
2008/1/9,513
2008/1/10,612
2008/1/11,510
2008/1/12,533
2008/1/13,283
2008/1/14,527
2008/1/15,546
2008/1/16,559
2008/1/17,506
2008/1/18,603
2008/1/19,446
2008/1/20,305
2008/1/21,512
2008/1/22,520
2008/1/23,443
2008/1/24,503
2008/1/25,482
2008/1/26,400
2008/1/27,358
2008/1/28,458
2008/1/29,489
2008/1/30,530
2008/1/31,517
2008/2/1,263
2008/2/2,415
2008/2/3,366
2008/2/4,391
2008/2/5,554
2008/2/6,458
2008/2/7,511
2008/2/8,458
2008/2/9,483
2008/2/10,564
2008/2/11,336
2008/2/12,622
2008/2/13,632
2008/2/14,478
2008/2/15,479
2008/2/16,501
2008/2/17,374
2008/2/18,566
2008/2/19,491
2008/2/20,480
2008/2/21,522
2008/2/22,545
2008/2/23,424
2008/2/24,309
2008/2/25,545
2008/2/26,499
2008/2/27,467
2008/2/28,435
2008/2/29,584
2008/3/1,318
2008/3/2,308
2008/3/3,506
2008/3/4,419
2008/3/5,423
2008/3/6,554
2008/3/7,551
2008/3/8,397
2008/3/9,483
2008/3/10,554
2008/3/11,509
2008/3/12,594
2008/3/13,486
2008/3/14,529
2008/3/15,431
2008/3/16,327
2008/3/17,396
2008/3/18,423
2008/3/19,431
2008/3/20,525
2008/3/21,375
2008/3/22,410
2008/3/23,295
2008/3/24,288
2008/3/25,403
2008/3/26,442
2008/3/27,475
2008/3/28,489
2008/3/29,438
2008/3/30,327
2008/3/31,425
2008/4/1,410
2008/4/2,590
2008/4/3,530
2008/4/4,490
2008/4/5,385
2008/4/6,535
2008/4/7,597
2008/4/8,425
2008/4/9,511
2008/4/10,470
2008/4/11,508
2008/4/12,523
2008/4/13,330
2008/4/14,420
2008/4/15,505
2008/4/16,422
2008/4/17,457
2008/4/18,407
2008/4/19,380
2008/4/20,323
2008/4/21,419
2008/4/22,412
2008/4/23,544
2008/4/24,520
2008/4/25,471
2008/4/26,477
2008/4/27,333
2008/4/28,522
2008/4/29,509
2008/4/30,486
2008/5/1,352
2008/5/2,528
2008/5/3,482
2008/5/4,409
2008/5/5,388
2008/5/6,459
2008/5/7,479
2008/5/8,527
2008/5/9,648
2008/5/10,422
2008/5/11,523
2008/5/12,633
2008/5/13,511
2008/5/14,516
2008/5/15,477
2008/5/16,485
2008/5/17,447
2008/5/18,343
2008/5/19,454
2008/5/20,488
2008/5/21,431
2008/5/22,449
2008/5/23,505
2008/5/24,417
2008/5/25,388
2008/5/26,360
2008/5/27,402
2008/5/28,529
2008/5/29,447
2008/5/30,435
2008/5/31,415
2008/6/1,357
2008/6/2,577
2008/6/3,385
2008/6/4,394
2008/6/5,555
2008/6/6,522
2008/6/7,418
2008/6/8,448
2008/6/9,457
2008/6/10,481
2008/6/11,470
2008/6/12,535
2008/6/13,491
2008/6/14,429
2008/6/15,360
2008/6/16,471
2008/6/17,463
2008/6/18,510
2008/6/19,506
2008/6/20,531
2008/6/21,481
2008/6/22,398
2008/6/23,471
2008/6/24,465
2008/6/25,500
2008/6/26,577
2008/6/27,547
2008/6/28,393
2008/6/29,377
2008/6/30,465
2008/7/1,455
2008/7/2,451
2008/7/3,596
2008/7/4,464
2008/7/5,531
2008/7/6,464
2008/7/7,575
2008/7/8,470
2008/7/9,327
2008/7/10,562
2008/7/11,593
2008/7/12,466
2008/7/13,364
2008/7/14,406
2008/7/15,471
2008/7/16,453
2008/7/17,472
2008/7/18,465
2008/7/19,377
2008/7/20,371
2008/7/21,492
2008/7/22,410
2008/7/23,427
2008/7/24,464
2008/7/25,511
2008/7/26,468
2008/7/27,450
2008/7/28,445
2008/7/29,494
2008/7/30,440
2008/7/31,435
2008/8/1,530
2008/8/2,558
2008/8/3,427
2008/8/4,477
2008/8/5,571
2008/8/6,423
2008/8/7,472
2008/8/8,442
2008/8/9,376
2008/8/10,625
2008/8/11,505
2008/8/12,527
2008/8/13,424
2008/8/14,481
2008/8/15,484
2008/8/16,413
2008/8/17,378
2008/8/18,429
2008/8/19,459
2008/8/20,438
2008/8/21,451
2008/8/22,485
2008/8/23,408
2008/8/24,306
2008/8/25,327
2008/8/26,421
2008/8/27,397
2008/8/28,441
2008/8/29,411
2008/8/30,411
2008/8/31,408
2008/9/1,532
2008/9/2,486
2008/9/3,366
2008/9/4,455
2008/9/5,547
2008/9/6,509
2008/9/7,606
2008/9/8,500
2008/9/9,516
2008/9/10,521
2008/9/11,369
2008/9/12,583
2008/9/13,455
2008/9/14,381
2008/9/15,437
2008/9/16,487
2008/9/17,440
2008/9/18,506
2008/9/19,540
2008/9/20,524
2008/9/21,392
2008/9/22,461
2008/9/23,484
2008/9/24,492
2008/9/25,446
2008/9/26,577
2008/9/27,502
2008/9/28,359
2008/9/29,488
2008/9/30,592
2008/10/1,457
2008/10/2,393
2008/10/3,473
2008/10/4,462
2008/10/5,445
2008/10/6,537
2008/10/7,497
2008/10/8,355
2008/10/9,487
2008/10/10,614
2008/10/11,506
2008/10/12,571
2008/10/13,434
2008/10/14,505
2008/10/15,520
2008/10/16,525
2008/10/17,532
2008/10/18,414
2008/10/19,301
2008/10/20,543
2008/10/21,600
2008/10/22,546
2008/10/23,481
2008/10/24,607
2008/10/25,408
2008/10/26,391
2008/10/27,504
2008/10/28,483
2008/10/29,480
2008/10/30,502
2008/10/31,633
2008/11/1,644
2008/11/2,594
2008/11/3,493
2008/11/4,548
2008/11/5,449
2008/11/6,473
2008/11/7,559
2008/11/8,374
2008/11/9,491
2008/11/10,431
2008/11/11,549
2008/11/12,608
2008/11/13,563
2008/11/14,536
2008/11/15,434
2008/11/16,344
2008/11/17,558
2008/11/18,542
2008/11/19,506
2008/11/20,475
2008/11/21,492
2008/11/22,415
2008/11/23,389
2008/11/24,523
2008/11/25,614
2008/11/26,533
2008/11/27,541
2008/11/28,659
2008/11/29,426
2008/11/30,348
2008/12/1,571
2008/12/2,590
2008/12/3,433
2008/12/4,463
2008/12/5,509
2008/12/6,490
2008/12/7,389
2008/12/8,493
2008/12/9,577
2008/12/10,419
2008/12/11,494
2008/12/12,532
2008/12/13,459
2008/12/14,311
2008/12/15,522
2008/12/16,446
2008/12/17,612
2008/12/18,469
2008/12/19,602
2008/12/20,437
2008/12/21,275
2008/12/22,483
2008/12/23,387
2008/12/24,306
2008/12/25,118
2008/12/26,240
2008/12/27,299
2008/12/28,256
2008/12/29,265
2008/12/30,312
2008/12/31,268
2009/1/1,244
2009/1/2,320
2009/1/3,311
2009/1/4,456
2009/1/5,605
2009/1/6,551
2009/1/7,513
2009/1/8,461
2009/1/9,524
2009/1/10,490
2009/1/11,355
2009/1/12,605
2009/1/13,534
2009/1/14,603
2009/1/15,431
2009/1/16,479
2009/1/17,416
2009/1/18,327
2009/1/19,506
2009/1/20,514
2009/1/21,613
2009/1/22,444
2009/1/23,528
2009/1/24,518
2009/1/25,280
2009/1/26,416
2009/1/27,506
2009/1/28,498
2009/1/29,370
2009/1/30,477
2009/1/31,412
2009/2/1,298
2009/2/2,469
2009/2/3,458
2009/2/4,434
2009/2/5,415
2009/2/6,551
2009/2/7,509
2009/2/8,385
2009/2/9,492
2009/2/10,570
2009/2/11,487
2009/2/12,587
2009/2/13,451
2009/2/14,383
2009/2/15,258
2009/2/16,343
2009/2/17,403
2009/2/18,394
2009/2/19,394
2009/2/20,411
2009/2/21,422
2009/2/22,251
2009/2/23,361
2009/2/24,344
2009/2/25,346
2009/2/26,350
2009/2/27,475
2009/2/28,326
2009/3/1,341
2009/3/2,314
2009/3/3,480
2009/3/4,461
2009/3/5,366
2009/3/6,398
2009/3/7,594
2009/3/8,387
2009/3/9,451
2009/3/10,425
2009/3/11,646
2009/3/12,565
2009/3/13,456
2009/3/14,382
2009/3/15,319
2009/3/16,427
2009/3/17,407
2009/3/18,431
2009/3/19,493
2009/3/20,526
2009/3/21,431
2009/3/22,326
2009/3/23,418
2009/3/24,453
2009/3/25,439
2009/3/26,460
2009/3/27,494
2009/3/28,416
2009/3/29,340
2009/3/30,381
2009/3/31,403
2009/4/1,292
2009/4/2,402
2009/4/3,513
2009/4/4,398
2009/4/5,305
2009/4/6,491
2009/4/7,433
2009/4/8,414
2009/4/9,479
2009/4/10,351
2009/4/11,582
2009/4/12,667
2009/4/13,323
2009/4/14,348
2009/4/15,381
2009/4/16,399
2009/4/17,420
2009/4/18,425
2009/4/19,353
2009/4/20,492
2009/4/21,459
2009/4/22,488
2009/4/23,455
2009/4/24,497
2009/4/25,420
2009/4/26,367
2009/4/27,559
2009/4/28,427
2009/4/29,481
2009/4/30,478
2009/5/1,471
2009/5/2,311
2009/5/3,438
2009/5/4,368
2009/5/5,457
2009/5/6,498
2009/5/7,378
2009/5/8,458
2009/5/9,427
2009/5/10,542
2009/5/11,585
2009/5/12,484
2009/5/13,438
2009/5/14,394
2009/5/15,565
2009/5/16,392
2009/5/17,341
2009/5/18,441
2009/5/19,507
2009/5/20,449
2009/5/21,520
2009/5/22,557
2009/5/23,455
2009/5/24,412
2009/5/25,327
2009/5/26,469
2009/5/27,375
2009/5/28,425
2009/5/29,524
2009/5/30,509
2009/5/31,446
2009/6/1,545
2009/6/2,416
2009/6/3,546
2009/6/4,405
2009/6/5,399
2009/6/6,451
2009/6/7,530
2009/6/8,448
2009/6/9,318
2009/6/10,680
2009/6/11,621
2009/6/12,353
2009/6/13,439
2009/6/14,415
2009/6/15,474
2009/6/16,504
2009/6/17,522
2009/6/18,425
2009/6/19,539
2009/6/20,404
2009/6/21,372
2009/6/22,397
2009/6/23,505
2009/6/24,508
2009/6/25,454
2009/6/26,523
2009/6/27,435
2009/6/28,380
2009/6/29,460
2009/6/30,552
2009/7/1,363
2009/7/2,375
2009/7/3,391
2009/7/4,420
2009/7/5,460
2009/7/6,328
2009/7/7,514
2009/7/8,465
2009/7/9,421
2009/7/10,543
2009/7/11,490
2009/7/12,551
2009/7/13,509
2009/7/14,478
2009/7/15,476
2009/7/16,456
2009/7/17,617
2009/7/18,437
2009/7/19,337
2009/7/20,411
2009/7/21,506
2009/7/22,429
2009/7/23,445
2009/7/24,501
2009/7/25,432
2009/7/26,307
2009/7/27,439
2009/7/28,406
2009/7/29,486
2009/7/30,449
2009/7/31,524
2009/8/1,426
2009/8/2,258
2009/8/3,359
2009/8/4,500
2009/8/5,558
2009/8/6,428
2009/8/7,440
2009/8/8,485
2009/8/9,468
2009/8/10,525
2009/8/11,321
2009/8/12,614
2009/8/13,471
2009/8/14,428
2009/8/15,426
2009/8/16,379
2009/8/17,398
2009/8/18,454
2009/8/19,479
2009/8/20,451
2009/8/21,520
2009/8/22,438
2009/8/23,343
2009/8/24,389
2009/8/25,462
2009/8/26,496
2009/8/27,435
2009/8/28,576
2009/8/29,402
2009/8/30,334
2009/8/31,325
2009/9/1,477
2009/9/2,487
2009/9/3,396
2009/9/4,433
2009/9/5,375
2009/9/6,429
2009/9/7,435
2009/9/8,343
2009/9/9,514
2009/9/10,589
2009/9/11,511
2009/9/12,554
2009/9/13,338
2009/9/14,429
2009/9/15,487
2009/9/16,494
2009/9/17,451
2009/9/18,480
2009/9/19,442
2009/9/20,413
2009/9/21,422
2009/9/22,488
2009/9/23,427
2009/9/24,578
2009/9/25,523
2009/9/26,424
2009/9/27,379
2009/9/28,396
2009/9/29,496
2009/9/30,476
2009/10/1,332
2009/10/2,477
2009/10/3,442
2009/10/4,385
2009/10/5,374
2009/10/6,472
2009/10/7,483
2009/10/8,458
2009/10/9,547
2009/10/10,448
2009/10/11,597
2009/10/12,614
2009/10/13,467
2009/10/14,461
2009/10/15,509
2009/10/16,554
2009/10/17,406
2009/10/18,287
2009/10/19,424
2009/10/20,505
2009/10/21,584
2009/10/22,528
2009/10/23,543
2009/10/24,517
2009/10/25,342
2009/10/26,406
2009/10/27,423
2009/10/28,475
2009/10/29,409
2009/10/30,476
2009/10/31,519
2009/11/1,279
2009/11/2,685
2009/11/3,439
2009/11/4,395
2009/11/5,495
2009/11/6,510
2009/11/7,443
2009/11/8,471
2009/11/9,518
2009/11/10,347
2009/11/11,498
2009/11/12,630
2009/11/13,692
2009/11/14,439
2009/11/15,359
2009/11/16,544
2009/11/17,555
2009/11/18,482
2009/11/19,437
2009/11/20,597
2009/11/21,447
2009/11/22,382
2009/11/23,457
2009/11/24,531
2009/11/25,546
2009/11/26,519
2009/11/27,621
2009/11/28,507
2009/11/29,437
2009/11/30,569
2009/12/1,477
2009/12/2,524
2009/12/3,427
2009/12/4,288
2009/12/5,456
2009/12/6,521
2009/12/7,383
2009/12/8,434
2009/12/9,490
2009/12/10,489
2009/12/11,659
2009/12/12,465
2009/12/13,366
2009/12/14,548
2009/12/15,473
2009/12/16,540
2009/12/17,620
2009/12/18,509
2009/12/19,391
2009/12/20,358
2009/12/21,394
2009/12/22,355
2009/12/23,488
2009/12/24,262
2009/12/25,202
2009/12/26,224
2009/12/27,236
2009/12/28,269
2009/12/29,266
2009/12/30,252
2009/12/31,267
2010/1/1,282
2010/1/2,657
2010/1/3,608
2010/1/4,510
2010/1/5,378
2010/1/6,476
2010/1/7,479
2010/1/8,338
2010/1/9,486
2010/1/10,699
2010/1/11,475
2010/1/12,262
2010/1/13,398
2010/1/14,305
2010/1/15,364
2010/1/16,296
2010/1/17,315
2010/1/18,415
2010/1/19,377
2010/1/20,378
2010/1/21,418
2010/1/22,430
2010/1/23,305
2010/1/24,242
2010/1/25,346
2010/1/26,383
2010/1/27,409
2010/1/28,409
2010/1/29,522
2010/1/30,545
2010/1/31,345
2010/2/1,293
2010/2/2,449
2010/2/3,568
2010/2/4,363
2010/2/5,264
2010/2/6,477
2010/2/7,534
2010/2/8,335
2010/2/9,469
2010/2/10,495
2010/2/11,495
2010/2/12,254
2010/2/13,357
2010/2/14,298
2010/2/15,401
2010/2/16,422
2010/2/17,462
2010/2/18,396
2010/2/19,452
2010/2/20,448
2010/2/21,352
2010/2/22,431
2010/2/23,397
2010/2/24,436
2010/2/25,437
2010/2/26,471
2010/2/27,346
2010/2/28,273
2010/3/1,273
2010/3/2,472
2010/3/3,376
2010/3/4,340
2010/3/5,297
2010/3/6,500
2010/3/7,421
2010/3/8,408
2010/3/9,513
2010/3/10,373
2010/3/11,547
2010/3/12,306
2010/3/13,398
2010/3/14,318
2010/3/15,372
2010/3/16,406
2010/3/17,388
2010/3/18,428
2010/3/19,480
2010/3/20,395
2010/3/21,314
2010/3/22,395
2010/3/23,423
2010/3/24,416
2010/3/25,452
2010/3/26,506
2010/3/27,372
2010/3/28,315
2010/3/29,421
2010/3/30,441
2010/3/31,404
2010/4/1,401
2010/4/2,388
2010/4/3,463
2010/4/4,297
2010/4/5,464
2010/4/6,465
2010/4/7,364
2010/4/8,459
2010/4/9,405
2010/4/10,526
2010/4/11,522
2010/4/12,275
2010/4/13,451
2010/4/14,366
2010/4/15,401
2010/4/16,449
2010/4/17,435
2010/4/18,340
2010/4/19,369
2010/4/20,440
2010/4/21,456
2010/4/22,451
2010/4/23,529
2010/4/24,419
2010/4/25,305
2010/4/26,443
2010/4/27,482
2010/4/28,427
2010/4/29,444
2010/4/30,530
2010/5/1,379
2010/5/2,504
2010/5/3,497
2010/5/4,252
2010/5/5,384
2010/5/6,439
2010/5/7,463
2010/5/8,395
2010/5/9,339
2010/5/10,433
2010/5/11,644
2010/5/12,339
2010/5/13,430
2010/5/14,509
2010/5/15,442
2010/5/16,324
2010/5/17,424
2010/5/18,467
2010/5/19,388
2010/5/20,432
2010/5/21,524
2010/5/22,508
2010/5/23,471
2010/5/24,517
2010/5/25,462
2010/5/26,441
2010/5/27,504
2010/5/28,559
2010/5/29,511
2010/5/30,357
2010/5/31,291
2010/6/1,266
2010/6/2,356
2010/6/3,409
2010/6/4,343
2010/6/5,397
2010/6/6,317
2010/6/7,428
2010/6/8,443
2010/6/9,454
2010/6/10,506
2010/6/11,427
2010/6/12,437
2010/6/13,329
2010/6/14,417
2010/6/15,493
2010/6/16,506
2010/6/17,477
2010/6/18,499
2010/6/19,361
2010/6/20,365
2010/6/21,476
2010/6/22,549
2010/6/23,533
2010/6/24,483
2010/6/25,527
2010/6/26,476
2010/6/27,384
2010/6/28,516
2010/6/29,496
2010/6/30,451
2010/7/1,284
2010/7/2,229
2010/7/3,364
2010/7/4,378
2010/7/5,472
2010/7/6,433
2010/7/7,414
2010/7/8,415
2010/7/9,505
2010/7/10,487
2010/7/11,344
2010/7/12,378
2010/7/13,488
2010/7/14,493
2010/7/15,469
2010/7/16,485
2010/7/17,367
2010/7/18,303
2010/7/19,452
2010/7/20,420
2010/7/21,514
2010/7/22,433
2010/7/23,475
2010/7/24,372
2010/7/25,294
2010/7/26,425
2010/7/27,384
2010/7/28,456
2010/7/29,434
2010/7/30,474
2010/7/31,422
2010/8/1,322
2010/8/2,379
2010/8/3,507
2010/8/4,424
2010/8/5,402
2010/8/6,494
2010/8/7,469
2010/8/8,316
2010/8/9,446
2010/8/10,505
2010/8/11,563
2010/8/12,418
2010/8/13,523
2010/8/14,402
2010/8/15,353
2010/8/16,433
2010/8/17,430
2010/8/18,414
2010/8/19,475
2010/8/20,461
2010/8/21,398
2010/8/22,376
2010/8/23,458
2010/8/24,436
2010/8/25,467
2010/8/26,500
2010/8/27,436
2010/8/28,424
2010/8/29,361
2010/8/30,367
2010/8/31,466
2010/9/1,250
2010/9/2,457
2010/9/3,372
2010/9/4,463
2010/9/5,285
2010/9/6,456
2010/9/7,521
2010/9/8,421
2010/9/9,493
2010/9/10,375
2010/9/11,532
2010/9/12,461
2010/9/13,422
2010/9/14,499
2010/9/15,459
2010/9/16,463
2010/9/17,522
2010/9/18,445
2010/9/19,346
2010/9/20,509
2010/9/21,456
2010/9/22,519
2010/9/23,541
2010/9/24,479
2010/9/25,436
2010/9/26,342
2010/9/27,467
2010/9/28,424
2010/9/29,597
2010/9/30,516
2010/10/1,130
2010/10/2,574
2010/10/3,439
2010/10/4,429
2010/10/5,434
2010/10/6,373
2010/10/7,438
2010/10/8,493
2010/10/9,514
2010/10/10,383
2010/10/11,556
2010/10/12,429
2010/10/13,425
2010/10/14,423
2010/10/15,501
2010/10/16,441
2010/10/17,355
2010/10/18,437
2010/10/19,551
2010/10/20,546
2010/10/21,483
2010/10/22,506
2010/10/23,462
2010/10/24,336
2010/10/25,488
2010/10/26,500
2010/10/27,467
2010/10/28,401
2010/10/29,458
2010/10/30,492
2010/10/31,366
2010/11/1,278
2010/11/2,443
2010/11/3,414
2010/11/4,333
2010/11/5,431
2010/11/6,477
2010/11/7,358
2010/11/8,389
2010/11/9,465
2010/11/10,499
2010/11/11,506
2010/11/12,407
2010/11/13,413
2010/11/14,341
2010/11/15,622
2010/11/16,569
2010/11/17,479
2010/11/18,570
2010/11/19,625
2010/11/20,407
2010/11/21,284
2010/11/22,462
2010/11/23,500
2010/11/24,497
2010/11/25,470
2010/11/26,571
2010/11/27,443
2010/11/28,291
2010/11/29,395
2010/11/30,409
2010/12/1,277
2010/12/2,437
2010/12/3,504
2010/12/4,379
2010/12/5,451
2010/12/6,399
2010/12/7,478
2010/12/8,435
2010/12/9,373
2010/12/10,510
2010/12/11,585
2010/12/12,336
2010/12/13,487
2010/12/14,463
2010/12/15,465
2010/12/16,472
2010/12/17,562
2010/12/18,296
2010/12/19,231
2010/12/20,316
2010/12/21,270
2010/12/22,377
2010/12/23,341
2010/12/24,362
2010/12/25,168
2010/12/26,213
2010/12/27,202
2010/12/28,199
2010/12/29,228
2010/12/30,186
2010/12/31,205
2011/1/1,204
2011/1/2,487
2011/1/3,390
2011/1/4,418
2011/1/5,360
2011/1/6,400
2011/1/7,508
2011/1/8,416
2011/1/9,424
2011/1/10,485
2011/1/11,535
2011/1/12,543
2011/1/13,398
2011/1/14,417
2011/1/15,281
2011/1/16,263
2011/1/17,430
2011/1/18,519
2011/1/19,559
2011/1/20,515
2011/1/21,475
2011/1/22,311
2011/1/23,201
2011/1/24,385
2011/1/25,445
2011/1/26,392
2011/1/27,349
2011/1/28,469
2011/1/29,319
2011/1/30,255
2011/1/31,444
2011/2/1,146
2011/2/2,454
2011/2/3,393
2011/2/4,403
2011/2/5,326
2011/2/6,414
2011/2/7,419
2011/2/8,416
2011/2/9,481
2011/2/10,393
2011/2/11,503
2011/2/12,617
2011/2/13,314
2011/2/14,486
2011/2/15,435
2011/2/16,488
2011/2/17,410
2011/2/18,362
2011/2/19,354
2011/2/20,233
2011/2/21,351
2011/2/22,332
2011/2/23,393
2011/2/24,434
2011/2/25,400
2011/2/26,370
2011/2/27,292
2011/2/28,377
2011/3/1,186
2011/3/2,486
2011/3/3,393
2011/3/4,355
2011/3/5,498
2011/3/6,547
2011/3/7,350
2011/3/8,397
2011/3/9,366
2011/3/10,442
2011/3/11,512
2011/3/12,374
2011/3/13,266
2011/3/14,431
2011/3/15,359
2011/3/16,398
2011/3/17,389
2011/3/18,509
2011/3/19,388
2011/3/20,249
2011/3/21,403
2011/3/22,421
2011/3/23,444
2011/3/24,444
2011/3/25,497
2011/3/26,367
2011/3/27,298
2011/3/28,384
2011/3/29,406
2011/3/30,454
2011/3/31,500
2011/4/1,367
2011/4/2,455
2011/4/3,478
2011/4/4,405
2011/4/5,462
2011/4/6,398
2011/4/7,447
2011/4/8,522
2011/4/9,346
2011/4/10,419
2011/4/11,594
2011/4/12,297
2011/4/13,343
2011/4/14,384
2011/4/15,400
2011/4/16,372
2011/4/17,363
2011/4/18,415
2011/4/19,448
2011/4/20,460
2011/4/21,488
2011/4/22,391
2011/4/23,370
2011/4/24,295
2011/4/25,319
2011/4/26,383
2011/4/27,476
2011/4/28,492
2011/4/29,290
2011/4/30,399
2011/5/1,355
2011/5/2,348
2011/5/3,324
2011/5/4,397
2011/5/5,438
2011/5/6,326
2011/5/7,424
2011/5/8,422
2011/5/9,467
2011/5/10,471
2011/5/11,364
2011/5/12,484
2011/5/13,468
2011/5/14,355
2011/5/15,281
2011/5/16,381
2011/5/17,364
2011/5/18,412
2011/5/19,463
2011/5/20,457
2011/5/21,402
2011/5/22,301
2011/5/23,427
2011/5/24,445
2011/5/25,474
2011/5/26,473
2011/5/27,448
2011/5/28,344
2011/5/29,285
2011/5/30,355
2011/5/31,412
2011/6/1,401
2011/6/2,222
2011/6/3,283
2011/6/4,525
2011/6/5,466
2011/6/6,461
2011/6/7,472
2011/6/8,380
2011/6/9,451
2011/6/10,552
2011/6/11,328
2011/6/12,552
2011/6/13,418
2011/6/14,458
2011/6/15,448
2011/6/16,489
2011/6/17,518
2011/6/18,449
2011/6/19,347
2011/6/20,436
2011/6/21,391
2011/6/22,443
2011/6/23,432
2011/6/24,505
2011/6/25,369
2011/6/26,439
2011/6/27,472
2011/6/28,402
2011/6/29,456
2011/6/30,467
2011/7/1,451
2011/7/2,359
2011/7/3,437
2011/7/4,464
2011/7/5,388
2011/7/6,476
2011/7/7,443
2011/7/8,350
2011/7/9,401
2011/7/10,566
2011/7/11,480
2011/7/12,459
2011/7/13,420
2011/7/14,481
2011/7/15,489
2011/7/16,414
2011/7/17,354
2011/7/18,424
2011/7/19,424
2011/7/20,448
2011/7/21,436
2011/7/22,495
2011/7/23,370
2011/7/24,318
2011/7/25,421
2011/7/26,410
2011/7/27,410
2011/7/28,394
2011/7/29,474
2011/7/30,400
2011/7/31,336
2011/8/1,329
2011/8/2,581
2011/8/3,449
2011/8/4,592
2011/8/5,283
2011/8/6,445
2011/8/7,544
2011/8/8,387
2011/8/9,435
2011/8/10,411
2011/8/11,500
2011/8/12,433
2011/8/13,363
2011/8/14,291
2011/8/15,374
2011/8/16,387
2011/8/17,375
2011/8/18,411
2011/8/19,481
2011/8/20,371
2011/8/21,315
2011/8/22,388
2011/8/23,388
2011/8/24,419
2011/8/25,435
2011/8/26,550
2011/8/27,395
2011/8/28,300
2011/8/29,271
2011/8/30,364
2011/8/31,346
2011/9/1,565
2011/9/2,417
2011/9/3,448
2011/9/4,447
2011/9/5,465
2011/9/6,442
2011/9/7,388
2011/9/8,373
2011/9/9,478
2011/9/10,351
2011/9/11,469
2011/9/12,600
2011/9/13,437
2011/9/14,462
2011/9/15,474
2011/9/16,482
2011/9/17,481
2011/9/18,403
2011/9/19,440
2011/9/20,433
2011/9/21,464
2011/9/22,434
2011/9/23,479
2011/9/24,355
2011/9/25,312
2011/9/26,431
2011/9/27,458
2011/9/28,626
2011/9/29,582
2011/9/30,552
2011/10/1,450
2011/10/2,492
2011/10/3,436
2011/10/4,408
2011/10/5,499
2011/10/6,468
2011/10/7,322
2011/10/8,405
2011/10/9,406
2011/10/10,414
2011/10/11,453
2011/10/12,410
2011/10/13,440
2011/10/14,522
2011/10/15,464
2011/10/16,301
2011/10/17,439
2011/10/18,516
2011/10/19,540
2011/10/20,449
2011/10/21,420
2011/10/22,392
2011/10/23,298
2011/10/24,371
2011/10/25,484
2011/10/26,470
2011/10/27,526
2011/10/28,538
2011/10/29,382
2011/10/30,328
2011/10/31,475
2011/11/1,404
2011/11/2,459
2011/11/3,426
2011/11/4,403
2011/11/5,429
2011/11/6,373
2011/11/7,478
2011/11/8,383
2011/11/9,327
2011/11/10,438
2011/11/11,471
2011/11/12,296
2011/11/13,300
2011/11/14,383
2011/11/15,442
2011/11/16,396
2011/11/17,506
2011/11/18,521
2011/11/19,428
2011/11/20,301
2011/11/21,430
2011/11/22,435
2011/11/23,449
2011/11/24,436
2011/11/25,589
2011/11/26,331
2011/11/27,290
2011/11/28,413
2011/11/29,494
2011/11/30,468
2011/12/1,476
2011/12/2,359
2011/12/3,368
2011/12/4,437
2011/12/5,462
2011/12/6,359
2011/12/7,405
2011/12/8,356
2011/12/9,452
2011/12/10,451
2011/12/11,376
2011/12/12,637
2011/12/13,439
2011/12/14,543
2011/12/15,529
2011/12/16,560
2011/12/17,519
2011/12/18,336
2011/12/19,458
2011/12/20,420
2011/12/21,350
2011/12/22,419
2011/12/23,467
2011/12/24,304
2011/12/25,142
2011/12/26,164
2011/12/27,221
2011/12/28,268
2011/12/29,254
2011/12/30,326
2011/12/31,264
2012/1/1,249
2012/1/2,424
2012/1/3,439
2012/1/4,329
2012/1/5,376
2012/1/6,415
2012/1/7,347
2012/1/8,359
2012/1/9,297
2012/1/10,434
2012/1/11,453
2012/1/12,412
2012/1/13,499
2012/1/14,372
2012/1/15,281
2012/1/16,543
2012/1/17,465
2012/1/18,420
2012/1/19,443
2012/1/20,487
2012/1/21,312
2012/1/22,217
2012/1/23,413
2012/1/24,433
2012/1/25,423
2012/1/26,432
2012/1/27,536
2012/1/28,390
2012/1/29,258
2012/1/30,412
2012/1/31,384
2012/2/1,243
2012/2/2,445
2012/2/3,388
2012/2/4,347
2012/2/5,362
2012/2/6,345
2012/2/7,452
2012/2/8,412
2012/2/9,310
2012/2/10,444
2012/2/11,506
2012/2/12,325
2012/2/13,341
2012/2/14,349
2012/2/15,348
2012/2/16,384
2012/2/17,428
2012/2/18,308
2012/2/19,271
2012/2/20,340
2012/2/21,417
2012/2/22,417
2012/2/23,502
2012/2/24,462
2012/2/25,371
2012/2/26,228
2012/2/27,357
2012/2/28,422
2012/2/29,343
2012/3/1,329
2012/3/2,517
2012/3/3,396
2012/3/4,387
2012/3/5,351
2012/3/6,370
2012/3/7,460
2012/3/8,412
2012/3/9,414
2012/3/10,473
2012/3/11,411
2012/3/12,444
2012/3/13,384
2012/3/14,344
2012/3/15,406
2012/3/16,340
2012/3/17,384
2012/3/18,305
2012/3/19,419
2012/3/20,418
2012/3/21,400
2012/3/22,371
2012/3/23,418
2012/3/24,385
2012/3/25,326
2012/3/26,485
2012/3/27,502
2012/3/28,493
2012/3/29,466
2012/3/30,502
2012/3/31,294
2012/4/1,382
2012/4/2,445
2012/4/3,293
2012/4/4,338
2012/4/5,390
2012/4/6,256
2012/4/7,436
2012/4/8,349
2012/4/9,429
2012/4/10,467
2012/4/11,295
2012/4/12,510
2012/4/13,384
2012/4/14,292
2012/4/15,292
2012/4/16,355
2012/4/17,411
2012/4/18,445
2012/4/19,415
2012/4/20,458
2012/4/21,337
2012/4/22,274
2012/4/23,384
2012/4/24,398
2012/4/25,442
2012/4/26,426
2012/4/27,460
2012/4/28,357
2012/4/29,304
2012/4/30,419
2012/5/1,393
2012/5/2,238
2012/5/3,390
2012/5/4,390
2012/5/5,353
2012/5/6,291
2012/5/7,390
2012/5/8,295
2012/5/9,489
2012/5/10,530
2012/5/11,515
2012/5/12,570
2012/5/13,307
2012/5/14,409
2012/5/15,419
2012/5/16,419
2012/5/17,421
2012/5/18,379
2012/5/19,324
2012/5/20,263
2012/5/21,380
2012/5/22,446
2012/5/23,451
2012/5/24,481
2012/5/25,612
2012/5/26,527
2012/5/27,392
2012/5/28,482
2012/5/29,441
2012/5/30,492
2012/5/31,440
2012/6/1,442
2012/6/2,339
2012/6/3,430
2012/6/4,268
2012/6/5,269
2012/6/6,397
2012/6/7,470
2012/6/8,413
2012/6/9,500
2012/6/10,438
2012/6/11,482
2012/6/12,446
2012/6/13,415
2012/6/14,383
2012/6/15,467
2012/6/16,386
2012/6/17,296
2012/6/18,411
2012/6/19,405
2012/6/20,457
2012/6/21,449
2012/6/22,435
2012/6/23,343
2012/6/24,315
2012/6/25,398
2012/6/26,415
2012/6/27,398
2012/6/28,465
2012/6/29,437
2012/6/30,386
2012/7/1,259
2012/7/2,387
2012/7/3,430
2012/7/4,299
2012/7/5,242
2012/7/6,415
2012/7/7,385
2012/7/8,392
2012/7/9,559
2012/7/10,302
2012/7/11,513
2012/7/12,577
2012/7/13,440
2012/7/14,353
2012/7/15,353
2012/7/16,401
2012/7/17,398
2012/7/18,441
2012/7/19,414
2012/7/20,460
2012/7/21,367
2012/7/22,335
2012/7/23,517
2012/7/24,493
2012/7/25,478
2012/7/26,474
2012/7/27,422
2012/7/28,389
2012/7/29,336
2012/7/30,411
2012/7/31,386
2012/8/1,208
2012/8/2,328
2012/8/3,393
2012/8/4,242
2012/8/5,413
2012/8/6,392
2012/8/7,333
2012/8/8,399
2012/8/9,443
2012/8/10,388
2012/8/11,457
2012/8/12,388
2012/8/13,288
2012/8/14,393
2012/8/15,412
2012/8/16,395
2012/8/17,423
2012/8/18,392
2012/8/19,344
2012/8/20,407
2012/8/21,393
2012/8/22,366
2012/8/23,377
2012/8/24,435
2012/8/25,418
2012/8/26,271
2012/8/27,272
2012/8/28,449
2012/8/29,387
2012/8/30,440
2012/8/31,436
2012/9/1,376
2012/9/2,442
2012/9/3,364
2012/9/4,310
2012/9/5,391
2012/9/6,341
2012/9/7,350
2012/9/8,374
2012/9/9,395
2012/9/10,453
2012/9/11,430
2012/9/12,267
2012/9/13,454
2012/9/14,461
2012/9/15,440
2012/9/16,296
2012/9/17,391
2012/9/18,478
2012/9/19,491
2012/9/20,442
2012/9/21,509
2012/9/22,435
2012/9/23,344
2012/9/24,483
2012/9/25,491
2012/9/26,493
2012/9/27,455
2012/9/28,469
2012/9/29,440
2012/9/30,305
2012/10/1,403
2012/10/2,410
2012/10/3,324
2012/10/4,360
2012/10/5,354
2012/10/6,261
2012/10/7,424
2012/10/8,452
2012/10/9,402
2012/10/10,360
2012/10/11,410
2012/10/12,509
2012/10/13,376
2012/10/14,346
2012/10/15,407
2012/10/16,470
2012/10/17,538
2012/10/18,437
2012/10/19,488
2012/10/20,381
2012/10/21,303
2012/10/22,407
2012/10/23,385
2012/10/24,405
2012/10/25,410
2012/10/26,432
2012/10/27,450
2012/10/28,298
2012/10/29,413
2012/10/30,395
2012/10/31,463
2012/11/1,430
2012/11/2,349
2012/11/3,297
2012/11/4,333
2012/11/5,473
2012/11/6,365
2012/11/7,462
2012/11/8,386
2012/11/9,448
2012/11/10,487
2012/11/11,337
2012/11/12,476
2012/11/13,396
2012/11/14,439
2012/11/15,418
2012/11/16,436
2012/11/17,350
2012/11/18,352
2012/11/19,418
2012/11/20,492
2012/11/21,516
2012/11/22,512
2012/11/23,527
2012/11/24,385
2012/11/25,309
2012/11/26,464
2012/11/27,473
2012/11/28,438
2012/11/29,567
2012/11/30,532
2012/12/1,402
2012/12/2,251
2012/12/3,385
2012/12/4,364
2012/12/5,380
2012/12/6,361
2012/12/7,441
2012/12/8,337
2012/12/9,503
2012/12/10,540
2012/12/11,472
2012/12/12,345
2012/12/13,410
2012/12/14,529
2012/12/15,359
2012/12/16,321
2012/12/17,456
2012/12/18,461
2012/12/19,480
2012/12/20,540
2012/12/21,476
2012/12/22,387
2012/12/23,251
2012/12/24,324
2012/12/25,144
2012/12/26,219
2012/12/27,290
2012/12/28,197
2012/12/29,202
2012/12/30,213
2012/12/31,257
2013/1/1,262
2013/1/2,434
2013/1/3,344
2013/1/4,216
2013/1/5,384
2013/1/6,349
2013/1/7,420
2013/1/8,421
2013/1/9,298
2013/1/10,418
2013/1/11,491
2013/1/12,279
2013/1/13,235
2013/1/14,420
2013/1/15,410
2013/1/16,363
2013/1/17,381
2013/1/18,382
2013/1/19,173
2013/1/20,180
2013/1/21,237
2013/1/22,294
2013/1/23,277
2013/1/24,329
2013/1/25,408
2013/1/26,322
2013/1/27,227
2013/1/28,490
2013/1/29,383
2013/1/30,348
2013/1/31,393
2013/2/1,277
2013/2/2,383
2013/2/3,333
2013/2/4,347
2013/2/5,446
2013/2/6,348
2013/2/7,397
2013/2/8,418
2013/2/9,408
2013/2/10,394
2013/2/11,396
2013/2/12,385
2013/2/13,437
2013/2/14,391
2013/2/15,438
2013/2/16,308
2013/2/17,312
2013/2/18,357
2013/2/19,448
2013/2/20,294
2013/2/21,264
2013/2/22,286
2013/2/23,242
2013/2/24,189
2013/2/25,358
2013/2/26,373
2013/2/27,403
2013/2/28,407
2013/3/1,256
2013/3/2,233
2013/3/3,248
2013/3/4,332
2013/3/5,469
2013/3/6,466
2013/3/7,421
2013/3/8,359
2013/3/9,412
2013/3/10,465
2013/3/11,345
2013/3/12,384
2013/3/13,364
2013/3/14,431
2013/3/15,446
2013/3/16,321
2013/3/17,236
2013/3/18,356
2013/3/19,355
2013/3/20,297
2013/3/21,334
2013/3/22,402
2013/3/23,297
2013/3/24,180
2013/3/25,251
2013/3/26,296
2013/3/27,313
2013/3/28,333
2013/3/29,288
2013/3/30,264
2013/3/31,202
2013/4/1,314
2013/4/2,330
2013/4/3,384
2013/4/4,263
2013/4/5,330
2013/4/6,501
2013/4/7,440
2013/4/8,326
2013/4/9,462
2013/4/10,528
2013/4/11,531
2013/4/12,486
2013/4/13,341
2013/4/14,278
2013/4/15,307
2013/4/16,399
2013/4/17,336
2013/4/18,370
2013/4/19,438
2013/4/20,395
2013/4/21,275
2013/4/22,331
2013/4/23,404
2013/4/24,349
2013/4/25,364
2013/4/26,447
2013/4/27,352
2013/4/28,235
2013/4/29,392
2013/4/30,390
2013/5/1,268
2013/5/2,416
2013/5/3,469
2013/5/4,309
2013/5/5,304
2013/5/6,424
2013/5/7,487
2013/5/8,418
2013/5/9,448
2013/5/10,348
2013/5/11,462
2013/5/12,452
2013/5/13,389
2013/5/14,407
2013/5/15,387
2013/5/16,410
2013/5/17,371
2013/5/18,330
2013/5/19,314
2013/5/20,296
2013/5/21,360
2013/5/22,350
2013/5/23,406
2013/5/24,454
2013/5/25,415
2013/5/26,326
2013/5/27,300
2013/5/28,370
2013/5/29,322
2013/5/30,318
2013/5/31,411
2013/6/1,208
2013/6/2,400
2013/6/3,349
2013/6/4,297
2013/6/5,342
2013/6/6,460
2013/6/7,418
2013/6/8,353
2013/6/9,526
2013/6/10,355
2013/6/11,480
2013/6/12,478
2013/6/13,378
2013/6/14,477
2013/6/15,374
2013/6/16,291
2013/6/17,316
2013/6/18,370
2013/6/19,412
2013/6/20,409
2013/6/21,456
2013/6/22,336
2013/6/23,263
2013/6/24,346
2013/6/25,413
2013/6/26,384
2013/6/27,480
2013/6/28,540
2013/6/29,361
2013/6/30,340
2013/7/1,350
2013/7/2,393
2013/7/3,402
2013/7/4,237
2013/7/5,479
2013/7/6,495
2013/7/7,370
2013/7/8,377
2013/7/9,381
2013/7/10,394
2013/7/11,466
2013/7/12,393
2013/7/13,433
2013/7/14,349
2013/7/15,416
2013/7/16,416
2013/7/17,410
2013/7/18,509
2013/7/19,536
2013/7/20,328
2013/7/21,322
2013/7/22,403
2013/7/23,391
2013/7/24,433
2013/7/25,395
2013/7/26,485
2013/7/27,360
2013/7/28,323
2013/7/29,407
2013/7/30,400
2013/7/31,384
2013/8/1,397
2013/8/2,405
2013/8/3,432
2013/8/4,244
2013/8/5,376
2013/8/6,404
2013/8/7,451
2013/8/8,357
2013/8/9,307
2013/8/10,492
2013/8/11,523
2013/8/12,311
2013/8/13,362
2013/8/14,384
2013/8/15,422
2013/8/16,491
2013/8/17,355
2013/8/18,300
2013/8/19,376
2013/8/20,379
2013/8/21,384
2013/8/22,420
2013/8/23,412
2013/8/24,388
2013/8/25,298
2013/8/26,334
2013/8/27,385
2013/8/28,399
2013/8/29,435
2013/8/30,407
2013/8/31,373
2013/9/1,450
2013/9/2,297
2013/9/3,339
2013/9/4,281
2013/9/5,420
2013/9/6,312
2013/9/7,545
2013/9/8,431
2013/9/9,458
2013/9/10,426
2013/9/11,393
2013/9/12,451
2013/9/13,486
2013/9/14,346
2013/9/15,319
2013/9/16,409
2013/9/17,434
2013/9/18,430
2013/9/19,469
2013/9/20,432
2013/9/21,321
2013/9/22,289
2013/9/23,414
2013/9/24,389
2013/9/25,371
2013/9/26,425
2013/9/27,461
2013/9/28,352
2013/9/29,295
2013/9/30,399
2013/10/1,425
2013/10/2,301
2013/10/3,223
2013/10/4,332
2013/10/5,413
2013/10/6,353
2013/10/7,445
2013/10/8,340
2013/10/9,401
2013/10/10,437
2013/10/11,377
2013/10/12,457
2013/10/13,327
2013/10/14,490
2013/10/15,462
2013/10/16,490
2013/10/17,492
2013/10/18,443
2013/10/19,424
2013/10/20,287
2013/10/21,473
2013/10/22,447
2013/10/23,438
2013/10/24,502
2013/10/25,512
2013/10/26,366
2013/10/27,319
2013/10/28,419
2013/10/29,432
2013/10/30,445
2013/10/31,393
2013/11/1,449
2013/11/2,310
2013/11/3,463
2013/11/4,324
2013/11/5,288
2013/11/6,379
2013/11/7,467
2013/11/8,313
2013/11/9,442
2013/11/10,523
2013/11/11,471
2013/11/12,483
2013/11/13,495
2013/11/14,439
2013/11/15,487
2013/11/16,396
2013/11/17,264
2013/11/18,449
2013/11/19,519
2013/11/20,450
2013/11/21,406
2013/11/22,492
2013/11/23,353
2013/11/24,241
2013/11/25,410
2013/11/26,465
2013/11/27,509
2013/11/28,493
2013/11/29,501
2013/11/30,386
2013/12/1,318
2013/12/2,312
2013/12/3,332
2013/12/4,377
2013/12/5,262
2013/12/6,406
2013/12/7,451
2013/12/8,357
2013/12/9,428
2013/12/10,381
2013/12/11,478
2013/12/12,462
2013/12/13,507
2013/12/14,377
2013/12/15,316
2013/12/16,433
2013/12/17,499
2013/12/18,468
2013/12/19,490
2013/12/20,617
2013/12/21,372
2013/12/22,270
2013/12/23,409
2013/12/24,393
2013/12/25,189
2013/12/26,266
2013/12/27,234
2013/12/28,251
2013/12/29,295
2013/12/30,242
2013/12/31,238
2014/1/1,267
2014/1/2,409
2014/1/3,392
2014/1/4,432
2014/1/5,434
2014/1/6,327
2014/1/7,450
2014/1/8,527
2014/1/9,384
2014/1/10,468
2014/1/11,425
2014/1/12,374
2014/1/13,510
2014/1/14,567
2014/1/15,423
2014/1/16,442
2014/1/17,454
2014/1/18,298
2014/1/19,244
2014/1/20,493
2014/1/21,426
2014/1/22,408
2014/1/23,401
2014/1/24,516
2014/1/25,373
2014/1/26,240
2014/1/27,428
2014/1/28,416
2014/1/29,435
2014/1/30,398
2014/1/31,469
2014/2/1,328
2014/2/2,272
2014/2/3,286
2014/2/4,356
2014/2/5,435
2014/2/6,380
2014/2/7,396
2014/2/8,389
2014/2/9,440
2014/2/10,450
2014/2/11,319
2014/2/12,456
2014/2/13,475
2014/2/14,426
2014/2/15,291
2014/2/16,333
2014/2/17,345
2014/2/18,363
2014/2/19,352
2014/2/20,370
2014/2/21,405
2014/2/22,306
2014/2/23,253
2014/2/24,377
2014/2/25,419
2014/2/26,428
2014/2/27,420
2014/2/28,475
2014/3/1,308
2014/3/2,351
2014/3/3,479
2014/3/4,393
2014/3/5,386
2014/3/6,405
2014/3/7,418
2014/3/8,332
2014/3/9,369
2014/3/10,512
2014/3/11,486
2014/3/12,484
2014/3/13,415
2014/3/14,417
2014/3/15,337
2014/3/16,350
2014/3/17,330
2014/3/18,388
2014/3/19,358
2014/3/20,423
2014/3/21,495
2014/3/22,348
2014/3/23,283
2014/3/24,425
2014/3/25,405
2014/3/26,381
2014/3/27,425
2014/3/28,411
2014/3/29,367
2014/3/30,300
2014/3/31,315
2014/4/1,272
2014/4/2,430
2014/4/3,445
2014/4/4,388
2014/4/5,327
2014/4/6,443
2014/4/7,492
2014/4/8,401
2014/4/9,366
2014/4/10,456
2014/4/11,532
2014/4/12,460
2014/4/13,345
2014/4/14,392
2014/4/15,430
2014/4/16,406
2014/4/17,344
2014/4/18,349
2014/4/19,362
2014/4/20,276
2014/4/21,284
2014/4/22,350
2014/4/23,380
2014/4/24,409
2014/4/25,461
2014/4/26,329
2014/4/27,293
2014/4/28,384
2014/4/29,366
2014/4/30,413
2014/5/1,269
2014/5/2,431
2014/5/3,403
2014/5/4,325
2014/5/5,296
2014/5/6,463
2014/5/7,410
2014/5/8,384
2014/5/9,397
2014/5/10,328
2014/5/11,464
2014/5/12,554
2014/5/13,435
2014/5/14,463
2014/5/15,488
2014/5/16,453
2014/5/17,419
2014/5/18,375
2014/5/19,423
2014/5/20,368
2014/5/21,482
2014/5/22,462
2014/5/23,481
2014/5/24,353
2014/5/25,338
2014/5/26,299
2014/5/27,396
2014/5/28,392
2014/5/29,320
2014/5/30,355
2014/5/31,342
2014/6/1,359
2014/6/2,452
2014/6/3,391
2014/6/4,229
2014/6/5,406
2014/6/6,522
2014/6/7,329
2014/6/8,420
2014/6/9,336
2014/6/10,531
2014/6/11,427
2014/6/12,468
2014/6/13,502
2014/6/14,338
2014/6/15,307
2014/6/16,388
2014/6/17,421
2014/6/18,436
2014/6/19,417
2014/6/20,472
2014/6/21,407
2014/6/22,353
2014/6/23,449
2014/6/24,460
2014/6/25,483
2014/6/26,453
2014/6/27,507
2014/6/28,393
2014/6/29,332
2014/6/30,395
2014/7/1,395
2014/7/2,508
2014/7/3,487
2014/7/4,400
2014/7/5,424
2014/7/6,369
2014/7/7,420
2014/7/8,393
2014/7/9,362
2014/7/10,545
2014/7/11,500
2014/7/12,276
2014/7/13,341
2014/7/14,364
2014/7/15,377
2014/7/16,428
2014/7/17,489
2014/7/18,485
2014/7/19,437
2014/7/20,330
2014/7/21,402
2014/7/22,474
2014/7/23,465
2014/7/24,481
2014/7/25,483
2014/7/26,389
2014/7/27,348
2014/7/28,376
2014/7/29,423
2014/7/30,425
2014/7/31,395
2014/8/1,413
2014/8/2,369
2014/8/3,324
2014/8/4,391
2014/8/5,435
2014/8/6,347
2014/8/7,431
2014/8/8,445
2014/8/9,458
2014/8/10,516
2014/8/11,407
2014/8/12,540
2014/8/13,441
2014/8/14,428
2014/8/15,406
2014/8/16,315
2014/8/17,324
2014/8/18,413
2014/8/19,401
2014/8/20,402
2014/8/21,379
2014/8/22,449
2014/8/23,369
2014/8/24,315
2014/8/25,364
2014/8/26,419
2014/8/27,353
2014/8/28,400
2014/8/29,436
2014/8/30,317
2014/8/31,352
2014/9/1,388
2014/9/2,257
2014/9/3,345
2014/9/4,416
2014/9/5,471
2014/9/6,382
2014/9/7,434
2014/9/8,428
2014/9/9,470
2014/9/10,530
2014/9/11,341
2014/9/12,513
2014/9/13,336
2014/9/14,259
2014/9/15,418
2014/9/16,422
2014/9/17,394
2014/9/18,420
2014/9/19,464
2014/9/20,331
2014/9/21,346
2014/9/22,434
2014/9/23,419
2014/9/24,470
2014/9/25,372
2014/9/26,434
2014/9/27,351
2014/9/28,297
2014/9/29,398
2014/9/30,411
2014/10/1,473
2014/10/2,440
2014/10/3,403
2014/10/4,365
2014/10/5,311
2014/10/6,464
2014/10/7,454
2014/10/8,313
2014/10/9,410
2014/10/10,560
2014/10/11,467
2014/10/12,477
2014/10/13,468
2014/10/14,441
2014/10/15,431
2014/10/16,477
2014/10/17,520
2014/10/18,326
2014/10/19,333
2014/10/20,406
2014/10/21,411
2014/10/22,404
2014/10/23,400
2014/10/24,443
2014/10/25,366
2014/10/26,268
2014/10/27,393
2014/10/28,491
2014/10/29,432
2014/10/30,413
2014/10/31,461
2014/11/1,431
2014/11/2,414
2014/11/3,371
2014/11/4,449
2014/11/5,291
2014/11/6,422
2014/11/7,483
2014/11/8,409
2014/11/9,411
2014/11/10,376
2014/11/11,488
2014/11/12,472
2014/11/13,487
2014/11/14,532
2014/11/15,385
2014/11/16,277
2014/11/17,429
2014/11/18,497
2014/11/19,452
2014/11/20,453
2014/11/21,489
2014/11/22,423
2014/11/23,317
2014/11/24,502
2014/11/25,510
2014/11/26,481
2014/11/27,423
2014/11/28,490
2014/11/29,389
2014/11/30,316
2014/12/1,242
2014/12/2,409
2014/12/3,416
2014/12/4,291
2014/12/5,443
2014/12/6,495
2014/12/7,397
2014/12/8,384
2014/12/9,453
2014/12/10,294
2014/12/11,538
2014/12/12,498
2014/12/13,481
2014/12/14,294
2014/12/15,434
2014/12/16,543
2014/12/17,445
2014/12/18,448
2014/12/19,493
2014/12/20,303
2014/12/21,266
2014/12/22,367
2014/12/23,346
2014/12/24,348
2014/12/25,128
2014/12/26,265
2014/12/27,269
2014/12/28,249
2014/12/29,285
2014/12/30,277
2014/12/31,223
2015/1/1,235
2015/1/2,233
2015/1/3,250
2015/1/4,332
2015/1/5,398
2015/1/6,382
2015/1/7,471
2015/1/8,364
2015/1/9,351
2015/1/10,510
2015/1/11,348
2015/1/12,438
2015/1/13,504
2015/1/14,489
2015/1/15,396
2015/1/16,491
2015/1/17,369
2015/1/18,278
2015/1/19,395
2015/1/20,438
2015/1/21,376
2015/1/22,383
2015/1/23,496
2015/1/24,394
2015/1/25,248
2015/1/26,397
2015/1/27,395
2015/1/28,424
2015/1/29,473
2015/1/30,469
2015/1/31,334
2015/2/1,261
2015/2/2,373
2015/2/3,416
2015/2/4,354
2015/2/5,346
2015/2/6,400
2015/2/7,467
2015/2/8,357
2015/2/9,411
2015/2/10,524
2015/2/11,364
2015/2/12,434
2015/2/13,430
2015/2/14,317
2015/2/15,252
2015/2/16,344
2015/2/17,459
2015/2/18,406
2015/2/19,369
2015/2/20,373
2015/2/21,347
2015/2/22,262
2015/2/23,388
2015/2/24,410
2015/2/25,335
2015/2/26,340
2015/2/27,435
2015/2/28,327
2015/3/1,240
2015/3/2,414
2015/3/3,426
2015/3/4,303
2015/3/5,301
2015/3/6,420
2015/3/7,509
2015/3/8,350
2015/3/9,324
2015/3/10,339
2015/3/11,399
2015/3/12,459
2015/3/13,397
2015/3/14,263
2015/3/15,252
2015/3/16,329
2015/3/17,358
2015/3/18,349
2015/3/19,315
2015/3/20,385
2015/3/21,311
2015/3/22,262
2015/3/23,366
2015/3/24,401
2015/3/25,420
2015/3/26,382
2015/3/27,401
2015/3/28,317
2015/3/29,245
2015/3/30,336
2015/3/31,376
2015/4/1,214
2015/4/2,429
2015/4/3,429
2015/4/4,278
2015/4/5,317
2015/4/6,464
2015/4/7,391
2015/4/8,375
2015/4/9,369
2015/4/10,324
2015/4/11,480
2015/4/12,520
2015/4/13,306
2015/4/14,420
2015/4/15,401
2015/4/16,389
2015/4/17,409
2015/4/18,347
2015/4/19,251
2015/4/20,424
2015/4/21,412
2015/4/22,438
2015/4/23,437
2015/4/24,435
2015/4/25,358
2015/4/26,313
2015/4/27,410
2015/4/28,439
2015/4/29,411
2015/4/30,411
2015/5/1,296
2015/5/2,388
2015/5/3,360
2015/5/4,245
2015/5/5,409
2015/5/6,446
2015/5/7,341
2015/5/8,351
2015/5/9,332
2015/5/10,480
2015/5/11,535
2015/5/12,325
2015/5/13,476
2015/5/14,437
2015/5/15,441
2015/5/16,378
2015/5/17,312
2015/5/18,431
2015/5/19,434
2015/5/20,441
2015/5/21,412
2015/5/22,388
2015/5/23,336
2015/5/24,274
2015/5/25,261
2015/5/26,350
2015/5/27,348
2015/5/28,361
2015/5/29,370
2015/5/30,334
2015/5/31,277
2015/6/1,424
2015/6/2,451
2015/6/3,404
2015/6/4,352
2015/6/5,401
2015/6/6,381
2015/6/7,409
2015/6/8,401
2015/6/9,325
2015/6/10,503
2015/6/11,495
2015/6/12,293
2015/6/13,378
2015/6/14,288
2015/6/15,371
2015/6/16,383
2015/6/17,394
2015/6/18,405
2015/6/19,421
2015/6/20,333
2015/6/21,300
2015/6/22,418
2015/6/23,421
2015/6/24,391
2015/6/25,430
2015/6/26,462
2015/6/27,364
2015/6/28,304
2015/6/29,427
2015/6/30,499
2015/7/1,355
2015/7/2,344
2015/7/3,360
2015/7/4,334
2015/7/5,421
2015/7/6,368
2015/7/7,463
2015/7/8,423
2015/7/9,396
2015/7/10,446
2015/7/11,393
2015/7/12,436
2015/7/13,483
2015/7/14,365
2015/7/15,427
2015/7/16,396
2015/7/17,468
2015/7/18,372
2015/7/19,323
2015/7/20,410
2015/7/21,434
2015/7/22,377
2015/7/23,377
2015/7/24,463
2015/7/25,430
2015/7/26,359
2015/7/27,391
2015/7/28,359
2015/7/29,381
2015/7/30,378
2015/7/31,448
2015/8/1,458
2015/8/2,319
2015/8/3,316
2015/8/4,334
2015/8/5,418
2015/8/6,427
2015/8/7,412
2015/8/8,386
2015/8/9,362
2015/8/10,429
2015/8/11,298
2015/8/12,435
2015/8/13,364
2015/8/14,445
2015/8/15,359
2015/8/16,292
2015/8/17,330
2015/8/18,365
2015/8/19,415
2015/8/20,370
2015/8/21,386
2015/8/22,379
2015/8/23,340
2015/8/24,401
2015/8/25,415
2015/8/26,407
2015/8/27,377
2015/8/28,443
2015/8/29,341
2015/8/30,278
2015/8/31,303
2015/9/1,459
2015/9/2,442
2015/9/3,336
2015/9/4,345
2015/9/5,315
2015/9/6,409
2015/9/7,455
2015/9/8,350
2015/9/9,345
2015/9/10,466
2015/9/11,396
2015/9/12,466
2015/9/13,326
2015/9/14,452
2015/9/15,445
2015/9/16,437
2015/9/17,444
2015/9/18,425
2015/9/19,389
2015/9/20,320
2015/9/21,459
2015/9/22,429
2015/9/23,443
2015/9/24,452
2015/9/25,472
2015/9/26,369
2015/9/27,370
2015/9/28,451
2015/9/29,441
2015/9/30,488
2015/10/1,279
2015/10/2,383
2015/10/3,463
2015/10/4,397
2015/10/5,257
2015/10/6,448
2015/10/7,452
2015/10/8,333
2015/10/9,467
2015/10/10,309
2015/10/11,418
2015/10/12,490
2015/10/13,402
2015/10/14,465
2015/10/15,398
2015/10/16,391
2015/10/17,300
2015/10/18,268
2015/10/19,363
2015/10/20,431
2015/10/21,490
2015/10/22,384
2015/10/23,388
2015/10/24,357
2015/10/25,305
2015/10/26,396
2015/10/27,370
2015/10/28,415
2015/10/29,444
2015/10/30,443
2015/10/31,364
2015/11/1,229
2015/11/2,372
2015/11/3,352
2015/11/4,335
2015/11/5,364
2015/11/6,493
2015/11/7,401
2015/11/8,389
2015/11/9,507
2015/11/10,306
2015/11/11,406
2015/11/12,491
2015/11/13,513
2015/11/14,375
2015/11/15,264
2015/11/16,380
2015/11/17,423
2015/11/18,465
2015/11/19,410
2015/11/20,465
2015/11/21,398
2015/11/22,266
2015/11/23,421
2015/11/24,424
2015/11/25,430
2015/11/26,441
2015/11/27,492
2015/11/28,413
2015/11/29,302
2015/11/30,473
2015/12/1,402
2015/12/2,342
2015/12/3,362
2015/12/4,254
2015/12/5,433
2015/12/6,431
2015/12/7,359
2015/12/8,381
2015/12/9,400
2015/12/10,399
2015/12/11,491
2015/12/12,368
2015/12/13,285
2015/12/14,434
2015/12/15,495
2015/12/16,458
2015/12/17,412
2015/12/18,425
2015/12/19,344
2015/12/20,296
2015/12/21,410
2015/12/22,403
2015/12/23,428
2015/12/24,319
2015/12/25,180
2015/12/26,231
2015/12/27,259
2015/12/28,202
2015/12/29,301
2015/12/30,270
2015/12/31,323